0001BCWY,BAG COTTON WASTE YARN,1,1,0
07SHWL01,SHAWL,1,1,0
10BDIS01,SATIN BLACK DISCHARGE NAG,1,1,0
10BPGN01,SATHAN BOBBY GOLD NG,1,1,0
10BWNFBD,SATIN BLACK & WHITE PLAIN PRINT,1,1,0
10D001LC,DENIM LACE GN,1,1,0
10D001MN,SATHAN DENIM MOTI NG,1,1,0
10D002FB,DOBBY FADDA BORDER - D002,1,1,0
10D003CJ,DOBBY CRAP JAALY - D003,1,1,0
10D004PG,DOBBY BORDER PATTA - D004,1,1,0
10D1SMCN,SATHAN SIDE MOTI COPPER NG,1,1,0
10DBOTNG,SATIN DENIM BOOTA NAG,1,1,0
10DF0002,LYCRA SMALL,1,1,0
10M001GN,SATHAN MACHLI GD NG,1,1,0
10M001GP,SATHAN MACHLI GOLD PLAIN,1,1,0
10NTR072,SATIN PRINT NTR STONE 2H,1,1,0
10NTR110,SATIN PRINT NTR STONE 12H,1,1,0
10S001BP,SATHAN BLACK - 001,1,1,0
10S002WP,SATHAN WHITE - 002,55,1,0
10S003CP,SATHAN COLOUR - 003,55,1,0
10S004T0,SATHAN TIGER - 004,55,1,0
10S005OC,SATHAN OMBRE - 005,55,1,0
10S006MB,SATHAN MULTI BRUSH - 006,55,1,0
10S007MP,SATHAN MULTI PRL NG - 007,55,1,0
10S008MP,SATHAN MULTI PRL GD NG - 008,0,1,0
10S009BP,SATHAN BOOTA PRL NG - 009,55,1,0
10S010BB,SATHAN BOOTA B PRL NG - 010,55,1,0
10S010BN,SATHAN BOOTA B NG - 025,25,1,0
10S011SM,SATHAN SPRAY MULTI GD NG - 011,1,1,0
10S012SB,SATHAN SPRAY BLACK GD NG - 012,55,1,0
10S013BN,SATHAN GOGO BOONDI NG - P013,1,1,0
10S013BV,SATHAN B. VEL NG - 013,55,1,0
10S014BS,SATHAN BLACK SPRAY - P014,1,1,0
10S014CV,SATHAN C. VEL NG - 014,1,1,0
10S014WB,SATHAN WHITE MULTI BURSH - P014,1,1,0
10S014ZP,SATHAN ZARI PATCH - P014,1,1,0
10S015WV,SATHAN W. VEL NG - 015,55,1,0
10S016OV,SATHAN O. VEL NG - 016,55,1,0
10S016SG,SATHAN SPRAY GOLA NG,1,1,0
10S016WA,SATHAN WHITE ALPHABATE ,1,1,0
10S017PR,SATHAN PRINT REMAJOL - 017,55,1,0
10S018PL,SATHAN PRINT LPT - 018,55,1,0
10S019ON,SATHAN OMBRE SIDE NG/LACE,1,1,0
10S019PR,SATHAN PRINT REPEAT - 019,55,1,0
10S020PD,SATHAN PRINT DISCHARGE - 020,55,1,0
10S021PG,SATHAN GOGO DISCHRGE - 021,55,1,0
10S022P3,SATHAN PRINT 3D - 022,55,1,0
10S023HH,SATHAN PRINT HALF-HALF - 023,55,1,0
10S024PO,SATHAN PRINT OTHERS - 024,55,1,0
10S025PO,SATHAN OMBRE PATCH,1,1,0
10S0263G,SATHAN GOLA BRSH NG - 25,25,1,0
10S027TA,SATHAN TIGER ALPHABATE - 027,25,1,0
10S028BA,SATHAN BLACK ALPHABATE HALF - 028,1,1,0
10S029BN,SATHAN BLACK PCH NG - 029,1,1,0
10S030BN,SATHAN BLACK ALPHA GD NG - 030,85,1,0
10S048GZ,SATHAN GOGO ZEBRA,1,1,0
10S09OST,SATHAN SPRAY BADAL -S09,1,1,0
10S0A3BB,SATHAN BLACK BORDER - A31,55,1,0
10S0A3GG,SATHAN GOGO - A32,55,1,0
10S0A3TD,SATHAN BLACK TIE DYE - A30 ,85,1,0
10S0B31K,SATHAN KORA 28 X 72 - B31,45,1,0
10S0C01L,SATHAN MOTI LACE,1,1,0
10S0C01M,SATHAN BLACK PRL BRUSH -C01,1,1,0
10S0C03D,SATHAN CHEEKU 3D,1,1,0
10S0C04P,SATHAN CHEEKU PALLU -C04 ,1,1,0
10S0C09GB,SATHAN GOGO BOONDI -C09,1,1,0
10S100ST,SATHAN SPRAY TREE -S10,1,1,0
10S11PGN,SATHAN PRINT GD NG,1,1,0
10S13BHS,SATHAN BLACK HALF SPRAY - P013,1,1,0
10S14BNO,SATHAN OMBRE BRUSH NG - P014,1,1,0
10S14GRB,SATHAN GUTTA RED AND BLACK GD NG - P014,1,1,0
10S15DGN,SATHAN DISCHARGE GD NG,1,1,0
10S15TPN,SATHAN TIGER PCH GD NG, - S015,1,1,0
10S22PZP,SATHAN PAGERY PRINT,1,1,0
10S23WPN,SATHAN WHITE PRINT NG,1,1,0
10S25TDD,SATHAN TIE DYE DISCHARGE,1,1,0
10S26PKK,SATHAN PATTA KANNI,1,1,0
10S3680DN,SATIN 36 X 80 DISCHARGE NAG,1,1,0
10S368SB,SATHAN SPRAY BADAL 36*80,1,1,0
10S3832H,SATIN 36X80 SPRAY 32HNG,1,1,0
10S44BGN,SATHAN BLACK GD NG,1,1,0
10S44MNG,SATHAN MOR NAG,1,1,0
10S44TNG,SATHAN TIGER NG,1,1,0
10S90SMP,SAMPLE JODA/PC,45,1,0
10SAJ1KN,SATIN ANGOOR JHALAR 12HN,1,1,0
10SB35CP,SATHAN COLOR PCH - B35,1,1,0
10SBBFNG,SATIN BORDER BOOTA FUDNA NG,1,1,0
10SBBOPL,SATIN BLACK BOOTI PLAIN,1,1,0
10SBBSNG,SATIN BORDER BOOTA SPRAY NG,1,1,0
10SBCGNG,SATIN BADAL 5 COLORS GOLD NG,1,1,0
10SBD001,SATIN BLACK DISCHARGE,1,1,0
10SBD130,SATIN BLACK BOOTI DILL NG,1,1,0
10SBGB01,SATIN GOLD BRUSH NAG,1,1,0
10SBGDKP,SATIN BADAL GOLD KUPPI,1,1,0
10SBGDNG,SATIN BLACK BALLOON GD NG,1,1,0
10SBGKUP,SATIN SPRAY GOLD KUPPI,1,1,0
10SBGM01,SATIN BLACK GOLD MOTI,1,1,0
10SBGN75,SATIN COLOR BANDHEJ GOLD NAG,1,1,0
10SBHD01,SATHAN BLACK HALF DISCHARGE,1,1,0
10SBLTKN,SATHAN BLACK LATKAN,1,1,0
10SBN001,SATHAN BLACK NIGHT,1,1,0
10SBN12H,SATIN BOOTI MULTI NAG 12HN,1,1,0
10SBORDR,SATHAN BORDER,1,1,0
10SBPLN1,SATIN BADAL PLAIN,1,1,0
10SBPNTK,SATIN BLACK GOLDEN NG TIKKAL,1,1,0
10SBSGKN,SATIN BLACK GOLDEN KANNI MIRROR STONE,1,1,0
10SBSMTI,SATHAN SPRAY BLACK MOTI,1,1,0
10SBSNTK,SATIN BLACK SILVER STAR NG TIKKAL,1,1,0
10SBVLNG,SATIN BANDHEJ COLOR VELVET NAG,1,1,0
10SC02GN,SATHAN CHEEKU GD NG - C02,1,1,0
10SC03DZ,SATHAN BLACK DIGITAL ZEBRA - C03,1,1,0
10SC04OC,SATHAN OMBRE SPRAY NG -C04,1,1,0
10SC05PP,SATHAN PATTI PALLU -C05,1,1,0
10SC06DN,SATHAN DILL GD NG -C06,1,1,0
10SC07XN,SATHAN X GD NG -C07,1,1,0
10SC08RN,SATHAN PRINT REPEAT NG - C08,1,1,0
10SC09BL,SATHAN BLACK LAZER - P09,1,1,0
10SCG368,SATIN 5 COLOR GOLD NG 36X80,1,1,0
10SCGOLA,SATIN COLOR GOLA,1,1,0
10SCK001,SATHAN COLOR KANNI,1,1,0
10SCPGNG,SATIN CHAKRI POWDER GD NG,1,1,0
10SCRM01,SATHAN COLOR RING MOTI,1,1,0
10SCRSBN,SATIN CROSS BOARDER NAG,1,1,0
10SD01DP,SATHAN DIGITAL PRINT - D01,1,1,0
10SD25SH,SATIN BLACK DIYA,1,1,0
10SD25SL,SATIN BLACK DIYA LATKAN,1,1,0
10SD3680,SATHAN 36 X 80 DISCHARGE,1,1,0
10SDB001,SATIN DIS BANDHEJ,1,1,0
10SDBGDP,SATIN BANDHEJ GOLD PLAIN,1,1,0
10SDCD77,SATIN DENIM DISCHARGE PLAIN COLOR,1,1,0
10SDFDNG,SATIN DISCHARGE NAG FUDNA ,1,1,0
10SDGBNG,SATIN DISCHARGE GD BOOTI NG,1,1,0
10SDI115,SATIN BLACK DISCHARGE FULL SCREEN,1,1,0
10SDISNG,SATIN DISCHARGE NAG,1,1,0
10SDM001,SATIN DISCHARGE MULTI PLAIN,1,1,0
10SDMP01,SATIN PATANG NAG,1,1,0
10SDP130,SATIN PLAIN DENIM MACHINE STONE BOOTA KANNI,1,1,0
10SDP2KN,SATIN BLACK SPRAY PATTI 2KNG,1,1,0
10SDPC72,SATIN DENIM PLAIN COLOR,1,1,0
10SEMBC1,SATHAN COLOR EMBROIDRY,1,1,0
10SFDN12,SATIN FULL SCREEN DISCHARGE 12AHN,1,1,0
10SGDCHK,SATIN GOLD CHAMKI PALIN COLOR,1,1,0
10SGDPKP,SATIN GOLD PATCH KUPPI,1,1,0
10SGFLNG,SATIN GUTTA NG,1,1,0
10SGK115,SATIN SPRAY GOLD KUPPI NAG-1K,1,1,0
10SJF2KN,SATIN BRUSH JELLY FISH 2KNG,1,1,0
10SJF6HN,SATIN BLACK SPRAY JELLY FISH 6HN,1,1,0
10SK3680,SATHAN KORA 36 X 80,1,1,0
10SKP101,SATHAN KORA 190GMS - P10,1,1,0
10SKP240,SATHAN KORA 240GMS,1,1,0
10SKP925,SATHAN KORA 205GMS - P09,1,1,0
10SLCG01,SATIN LADDU CHAMKI GOLD,1,1,0
10SMBCBN,SATIN MULTI COLOR BOX BRUSH NG,1,1,0
10SMGN01,SATHAN HALF COLOR MOTI GD NG,1,1,0
10SMN090,SATIN MACHINE STONE PLAIN COLOR,1,1,0
10SMSBOT,SATIN MULTI SPRAY BOOTI,1,1,0
10SMTGNM,SATIN MULTI TD GD NG MIXED,1,1,0
10SMULTI,SATHAN MULTI,1,1,0
10SNAPTL,SHATHAN NAPTOL,1,1,0
10SNBLUE,SATIN PLAIN COLOR,1,1,0
10SP017MT,SATHAN MULTI TIE DYE,1,1,0
10SP11TF,SATHAN TIGER FLOWER - P011,1,1,0
10SP12SV,SATHAN SPRAY VEL. - P012,1,1,0
10SP13BO,SATHAN OMBRE BRUSH - P013,1,1,0
10SP17TG,SATHAN TIE DYE GD NG,1,1,0
10SPBMNG,SATIN PLAIN BLACK NG,1,1,0
10SPC001,SATHAN PLAIN COLOR,1,1,0
10SPCLGD,SATIN PLAIN COLOR GOLD,1,1,0
10SPCNAG,SATIN PLAIN COLOR NAG,1,1,0
10SRDBLK,SATIN RED & BLACK GOLA GD NG,1,1,0
10SSBGNG,SATIN BLACK GUTTA NG,1,1,0
10SSBOODI,SATIN COLOR SPRAY BOODI,1,1,0
10SSD002,SATHAN SPRAY DISCHARGE,1,1,0
10SSG001,SATHAN SPRAY GULAB,1,1,0
10SSJGNG,SATIN SPRAY JALEBI NAG,1,1,0
10SSKPGD,SATIN SPRAY S GOLD KUPPI NAG,1,1,0
10SSNFNG,SATIN SUNDARI FULL,1,1,0
10SSNG01,SATHAN SPRAY NAG,1,1,0
10SSSKUP,SATIN SPRAY S MULTI,1,1,0
10SSTARN,SATHAN SPRAY STAR NAG,1,1,0
10STB001,SATHAN TIGER BORDER	,1,1,0
10SWD001,SATHAN WHITE DISCHARGE,1,1,0
10SWK001,SATHAN WHITE KUPPI,1,1,0
11BMXD01,MIXED GARMENTS,1,1,0
17LDCOTY,LADIES & GENTS SWEATER,1,1,0
17LTOP01,LADIES TOP,1,1,0
20CPB65B,COTTON BLACK PLAIN DUPATTA 2.25MTS,1,1,0
20P0135G,PUSHMINA MULTI 135G,1,1,0
20P0150G,PUSHMINA MULTI 150G,1,1,0
20P019PG,PUSHMINA PALLU GUTTA,1,1,0
20P031B0,PUSHMINA BLACK - 031,38,1,0
20P032W0,PUSHMINA WHITE - 032,1,1,0
20P033C0,PUSHMINA COLOR - 033,1,1,0
20P034O0,PUSHMINA OMBRE - 034,45,1,0
20P035HH,PUSHMINA HALF-HALF - 035,45,1,0
20P036T0,PUSHMINA TIGER - 036,45,1,0
20P037BB,PUSHMINA BRUSH - 037,45,1,0
20P038C0,PUSHMINA CHUNRI - 038,45,1,0
20P039R0,PUSHMINA RANGEELA - 039,45,1,0
20P040CN,PUSHMINA COLOR GD NG - 040,45,1,0
20P041G3,PUSHMINA 3 GOLA - 041,45,1,0
20P042LP,PUSHMINA LPT - 042,45,1,0
20P043OT,PUSHMINA OTHERS - 043,45,1,0
20P044XN,PUSHMINA X GOLD NG - 044,25,1,0
20P04538,PUSHMINA 36X80 RIMAJOL -045,25,1,0
20P04638,PUSHMINA 36X80 REPEAT - 046,25,1,0
20P047GN,PUSHMINA TIGER GD NG - 047,25,1,0
20P0480P,PUSHMINA PAGERY,25,1,0
20P04DIS,PUSHMINA DISCHARGE,1,1,0
20P050RJ,PUSHMINA 28X72 RIMAJOL - P05,1,1,0
20P0538M,PUSHMINA MULTI -P05,1,1,0
20P05CVN,PUSHMINA COLOR VEL. NG - P05,1,1,0
20P05K38,PUSHMINA KORA 36X80 - P05,1,1,0
20P05PCH,PUSHMINA PCH -P05,1,1,0
20P06CSN,PUSHMINA COLOR SPRAY GD NG - P06,1,1,0
20P06WGN,PUSHMINA WHITE GD NG - P06,1,1,0
20P07MGN,PUSHMINA MULTI BRUSH GD NG - P07,1,1,0
20P125RB,PUSHMINA RED & BLACK,1,1,0
20P3680P,PUSHMINA 36 x 80 PAGERY,1,1,0
20P36TWB,PUSHMINA TIGER WHITE BRUSH,1,1,0
20P4472P,PUSHMINA 44 x 72 PRINT,1,1,0
20P6TD38,PUSHMINA TIE DYE 36 * 80 - P006,1,1,0
20PB0056,PUSHMINA BANDHEJ MULTI,1,1,0
20PBP03N,PUSHMINA BOOTA NG -P03,1,1,0
20PC3145,PUSHMINA KORA 28X72 145GMS,33,1,0
20PCP0213,PUSHMINA KORA 28 X 72, 135GMS -P02,1,1,0
20PP01CM,PUSHMINA CHINA MULTI - P01,1,1,0
20PP02C3,PUSHMINA CHEEKU 3D 135GMS -P03,1,1,0
20PP043N,PUSHMINA 3D GD NG - P04,1,1,0
20PP05BN,PUSHMINA BLACK SPRAY NG - P05,1,1,0
20PP06C3,PUSHMINA CHEEKU 3D 36*80 - P06,1,1,0
20PPRINT,PUSHMINA PRINT,1,1,0
20PTD001,PUSHMINA TIE DYE,1,1,0
20PU01TD,PUSHMINA TIE DYE GD NG - PU01,1,1,0
20PWBPRT,PUSHMINA WHITE BLACK PRINT,1,1,0
20PWPCOL,PUSHMINA WHITE PRINT COLOR,1,1,0
20S41CVM,SATHAN COLOR VELVET MOTI,1,1,0
20SB36NG,36*80 SATHAN BOOTA NG,1,1,0
20STBNG1,SATHAN TIGER BRUSH,1,1,0
20STHF01,SATHAN HALF TIGER,1,1,0
30CDM3SD,COTTON DUPATTA MOTI 4SIDE,1,1,0
30J001MB,JACQUARD MULTI BURSH - J001,1,1,0
30J001WA,JACQUARD WHITE ALPHABATE - J001,1,1,0
30J003DO,JACQUARD DOCOMO MULTI - J003,1,1,0
30J003TD,JACQUARD TIE DYE - J003,1,1,0
30J004HG,JACQUARD HALF GD - J004,1,1,0
30J016MC,JACQUARD MULTI,1,1,0
30J01BSN,JACQUARD BLACK SPRAY GD NG - J01,1,1,0
30J020ZB,JACQUARD ZARI BORDER - J02,1,1,0
30J02DBW,J. DOCOMO B/W -J02,1,1,0
30J050C0,JACQUARD COLOR -050,55,1,0
30J051W0,JACQUARD WHITE -051,55,1,0
30J052B0,JACQUARD BLACK -052,40,1,0
30J053O0,JACQUARD OMBRE -053,55,1,0
30J054HH,JACQUARD HALF-HALF -054,55,1,0
30J055T0,JACQUARD TIGER -055,55,1,0
30J056MP,JACQUARD MULTI PRL -056,55,1,0
30J057BV,JACQUARD B. VEL. NG -057,55,1,0
30J058CV,JACQUARD COLOR. VEL. NG -058,55,1,0
30J059WV,JACQUARD WHITE. VEL. NG -059,55,1,0
30J05DVN,JACQUARD DOBBY VEL. NG,1,1,0
30J05GRB,JACQUARD GUTTA, RED & BLACK,1,1,0
30J060OV,JACQUARD OMBRE. VEL. NG -060,55,1,0
30J061D0,JACQUARD DISCHARGE -061,55,1,0
30J062O0,JACQUARD OTHERS -062,55,1,0
30J063BP,JACQUARD BLACK PATTA GD NG - 063,55,1,0
30J064GN,JACQUARD GD NG - 064,55,1,0
30J065K0,JACQUARD KORA 28 X 72 - 0065,1,1,0
30J066JB,JACQUARD BOOTA,1,1,0
30J06MGN,JACQUARD MIXED GD NG,1,1,0
30J07B24,JACQUARD BLACK 240G,1,1,0
30J07C24,JACQUARD COLOR 240G,1,1,0
30J07W24,JACQUARD WHITE 240G,1,1,0
30J13JDG,JACQUARD COLOR DOBBY GUMER,1,1,0
30J14JDG,JACQUARD WHITE DOBBY GUMER,1,1,0
30J16CDV,JACQUARD COLOR DOBBY VELVET,1,1,0
30J21EDB,JACQUARD EMBROIDERY BRUSH,1,1,0
30J22BBN,JACQUARD BLACK BRUSH NG,1,1,0
30J22WBN,JACQUARD WHITE BRUSH NG,1,1,0
30J9GOLA,JACQUARD GOLA,1,1,0
30JD1BWM,JACQUARD DOBBY B/W MIXED,1,1,0
30JSIDER,JACUQARD SIDE RING,1,1,0
30JSP368,JACQUARD SELF - PRINT ,1,1,0
40GULCMK,RAYON GULLA CHAMKI,1,1,0
40HZARGL,HL ZARI GOLA,1,1,0
40JSB001,JACQUARD SPRAY BADAL,1,1,0
40JST001,JACQUARD SPRAY TREE,0,1,0
40MLT110,RYAN MULTI 110G,1,1,0
40PBC155,PUSHMINA BADAL COLOR,1,1,0
40PBDIS1,PUSHMINA BLACK DIS,1,1,0
40PPC155,PUSHMINA PLAIN COLOR 155G+,1,1,0
40PSBOT1,PUSHMINA SPRAY BOOTI,1,1,0
40R001RD,RYAN GOGO DISCHARGE - R001,1,1,0
40R002TD,RYAN 36 X 80, TIE DIE - R002,1,1,0
40R003BP,RYAN SPRAY BOONDI PRINT - R003,1,1,0
40R004BR,RYAN 36 X 80, BRUSH - R003,1,1,0
40R005AH,RYAN ALPHABATE HALF - R005,1,1,0
40R005BN,RYAN BOOTA 150G, NG - R005,1,1,0
40R01K38,RYAN KORA 36X80 - R01,1,1,0
40R02GRB,RYAN RED & BLACK GUTTA - R002,1,1,0
40R070T0,RYAN TIGER - 070,45,1,0
40R071MP,RYAN MULTI PRL BRUSH - 071,45,1,0
40R072P0,RYAN PRINT - 072,0,1,0
40R073MS,RYAN MULTI SPRAY - 073,45,1,0
40R074MB,RYAN MULTI GD. BRUSH - 074,45,1,0
40R07538,RYAN DISCHARGE 36X80 - 075,25,1,0
40R076OB,RYAN OMBREY SPRAY - 076,25,1,0
40R077OS,RYAN OMBREY BURSH - 077,25,1,0
40R100GF,RAYON PRINT FUDNA,1,1,0
40R100GN,RAYON 100G GOLD NG,1,1,0
40R120MM,RAYON 130GRAM MULTI MIX,1,1,0
40R145CK,RYAN 145G CHEEKU,1,1,0
40R145MP,RAYON 145 MARBLE PRINT ,1,1,0
40R1TD27,RYAN TIE DYE 28*72 - R001,1,1,0
40R287GN,RAYON 28 X 72 GOLD NAG,1,1,0
40R3678B,RAYON 36X80 BLACK,1,1,0
40R3678Z,RAYON 36X78 ZDP PLAIN COLOR,1,1,0
40R3680B,RAYON 36X80 BADAL,1,1,0
40R3680M,RAYON 36X80 SPRAY/DISCHARGE MIXED,1,1,0
40R368BN,RAYON 36X80 BLACK MACHINE NAG,1,1,0
40R368BT,RAYON 36X80 BANDHEJ 135G,1,1,0
40R368PC,RAYON 36X80 PALIN COLOR 135G,1,1,0
40R4480C,RAYON 44 X 80 PRINT COLOR,1,1,0
40R4480P,RAYON 44X80 BLACK PRINT,1,1,0
40R90G47,RAYON BADAL 90G MULTI MIXED,1,1,0
40R90GBD,RYAON 90G MULTI BANDHEJ,1,1,0
40RB2872,RAYON BANDHEJ 28X72,1,1,0
40RB42JZ,RAYON PLAIN MULTI COLOR BLACK PALLU,1,1,0
40RBDLML,RAYON BADAL MULTI COLOR,1,1,0
40RBG368,RYAON BLACK GOLD NAG 36X80,1,1,0
40RBGN36,RYAN 36 X 80 BRUSH GOLD NG,1,1,0
40RBNMLT,RAYON BANDHEJ MULTI 145G 28*72,1,1,0
40RBP145,RAYON BLACK 145G,1,1,0
40RBSGNG,RYAN BLACK SPRAY GD NAG,1,1,0
40RBWFBD,RAYON BLACK WHITE PRINT,1,1,0
40RD0001,RAYON DENIM 145G,1,1,0
40RDG95L,RYAON DIGITAL PRINT LACE,1,1,0
40RDG95W,RYAON DIGITAL PRINT,1,1,0
40RDISCH,RYAN DISCHARGE,1,1,0
40RDISNG1,RYAN DISCHARGE NAG,1,1,0
40RDP145,RAYON DENIM PLAIN COLOR,1,1,0
40RDS448,RYAN 44 X 80 DISCARGE,1,1,0
40RF4SID,RAYON 28X72 COLOR PLAIN FUDNA 4 SIDE,1,1,0
40RF57JZ,RAYON FUDNA ALL OVER,1,1,0
40RFB287,RAYON 28X72 BLACK FUDNA 4SIDE,1,1,0
40RGN100,RAYON GOLD NAG,1,1,0
40RHCLAD,RAYON H/L LADDU CHAMKI,1,1,0
40RJHFWR,RAYON JHANDA,1,1,0
40RK3872,RYAN KORA 28 x 72,1,1,0
40RKN100,RAYON BLACK KANNI NAG PATCH,1,1,0
40RLG155,RAYON GOLD LADDU 155G,1,1,0
40RMBWHT,RAYON MULTI BOOTI WHITE,1,1,0
40RPC001,RAYON PLAIN COLOR,1,1,0
40RS57JZ,RAYON STAR PALLU,1,1,0
40RTD145,RAYON STOLES,1,1,0
40RUMACT,COTTON HANDKERCHIEF RED BANDHEJ,1,1,0
40RWBN01,RAYON WHITE BRUSH NG 28X72,1,1,0
40RWBNG5,RYAN WHITE BRUSH NAG,1,1,0
40RWH105,RAYON WHITE PLAIN,1,1,0
40RWP145,RAYON WHITE 145G,1,1,0
40RZ28CP,RAYON ZARI 28X72 COLOR,1,1,0
40RZ36CP,RAYON 36X80 ZARI PATTA,1,1,0
40RZPRNT,RAYON 36 X 80 ZARI PATTI DOUBLE PRINT,1,1,0
40ZRIGUL,HANDLOOM ZARI GULLA,1,1,0
50CDUPAT,COTTON DUPATTA 2M,1,1,0
50CPMSIZ,C PRINT MIXED,1,1,0
50CPT160,C PRINT 1.60MTR,1,1,0
50CPT180,C PRINT 1.80MTR,1,1,0
50DSMOSA,DUPATTA SAMOSA,1,1,0
50DT5765,DOBBY TIKKAL BLACK/MULTI COLOR,1,1,0
50P075T0,36 X 80, TIGER -075,45,1,0
50P076BM,36 X 80, BRUSH MULTI -076,45,1,0
50P077BG,36 X 80, MULTI GD BRUSH -077,45,1,0
50P078MS,36 X 80, MULTI SPRAY -078,45,1,0
50P078RB,36 X 80, RED AND BLACK,1,1,0
50PD015B,36 X 80 BLACK - D015,1,1,0
50PD015W,36 X 80 WHITE - D016,1,1,0
50PD138P,36 X 80, PALLU BRUSH NG - D013,1,1,0
50PD14HG,36 X 80, HALF GOLA - D014,1,1,0
50TF3680,PUSHMINA 36 x 80 TIGER FLOWER,1,1,0
50TG3680,PUSHMINA 36 x 80 TIGER GD NG,1,1,0
60L001MT,LYCRA MOTI - L001,1,1,0
60L079SM,LYCRA SMALL -079,45,1,0
60L080BG,LYCRA BIG -080,45,1,0
60L081OT,LYCRA OTHERS -081,45,1,0
70PV082O,PV OTHERS -082,1,1,0
70PV09PC,PV PRINT COLOR,1,1,0
70PV10CG,PV CHECK GOLD,1,1,0
70PV11CB,PV CHECK BLACK PRINT,1,1,0
70PV12BC,PV BADA CHECK B. PRINT,1,1,0
70PV13BG,PV BLACK GOLD PRINT,1,1,0
70PV14WB,PV WHITE BUTTERFLY,1,1,0
70PV15WB,PV WHITE BRUSH,1,1,0
70PV16BG,PV BLACK COLOR GOLD,1,1,0
70PV16ZG,PV BLACK ZIGZAG GOLD,1,1,0
70PV17WD,PV WHITE DILL,1,1,0
70PV18MM,PV MULTI,1,1,0
71D0010D,DOBBY DHADKAN - D001,1,1,0
71D016BM,DOBBY BORDER MATRA,1,1,0
71D083OT,DOBBY OTHER -083,45,1,0
71D104OC,DOBBY CHALLA 28X72 - 104,40,1,0
71D105OC,DOBBY CHECK 28X72 - 105 ,50,1,0
71D105ZP,DOBBY ZARI PATTA - D015,1,1,0
71D106OP,DOBBY PATTA 28X72 - 106,50,1,0
80AOZARI,ZARI ALL OVER,1,1,0
80C01PCM,CPC COLOR PER METER,1,1,0
80C01PWM,CPC WHITE PER METER,1,1,0
80C084CH,CH. 1.60 MTR -084,25,1,0
80C085CH,C LACE PRINT 1.70 MTR -085,25,1,0
80C086CH,CH. 2.00 MTR -086,25,1,0
80C087CH,CH. 2.25 MTR -087,25,1,0
80C088PC,C PLAIN COLOR 1.60 MTR -088,25,1,0
80C089PW,C PLAIN WHITE 1.70 MTR -089,25,1,0
80C090PC,C PLAIN COLOR 1.70 MTR -090,25,1,0
80C091PW,C PLAIN WHITE 1.70 MTR -091,25,1,0
80C091RB,RESHAM BORDER 2.00MTS - 091,45,1,0
80C092MT,CPC MOTI 2.00 MTR -092,25,1,0
80C092RB,RESHAM BORDER 2.25MTS - 092,45,1,0
80C093MT,CPC MOTI 2.25 MTR -093,25,1,0
80C094GM,CPC MOTI GD 2.25 MTR -094,55,1,0
80C094MK,CPC MATKA 2.00 MTR -094,25,1,0
80C095MK,CPC MATKA 2.25 MTR -095,25,1,0
80C095PT,C PRINT 2.00 MTR -095,25,1,0
80C096PT,C PRINT 2.25 MTR -096,25,1,0
80C097MT,CPC MUTHTHA 2.00 MTR -097,25,1,0
80C098MT,CPC MUTHTHA 2.25 MTR -098,25,1,0
80CC316B,COTTON BADAL 1.6MTS - P03,1,1,0
80CH001B,CH. BOOTA 2MTS. - CH001,1,1,0
80CP0217,COTTON PLAIN 1.70MTS -PC02 ,1,1,0
80CP0316,COTTON PLAIN 1.60MTS -PC03,1,1,0
80CPC005,CPC COTTON PLAIN COLOR 2.25M - C005,1,1,0
80CPC012,CPC, PRINT COLOR 2.25MTS -PC01,1,1,0
80CPC01B,CPC LACE 2.MTS - CPC01,1,1,0
80CPC02B,CPC BOOTA 2MTS - CPC01,1,1,0
80CPC42M,CPC 2 METER - P04,1,1,0
80CPCB25,CPC BRUSH 2.25M,1,1,0
80CPCBM2,CPC BLACK MOTI, 2.25 MTR,1,1,0
80CPCMLC,CPC MOTI LACE 2.25 MTR,1,1,0
80CPF225,COTTON PRINT FUDNA 2.25MTS,1,1,0
80DJN001,80DJN001 GOLD STONE,1,1,0
80DJN002,80DJN002 - GOLD STONE,1,1,0
80KK0116,CPC, KK 1.6MTS,1,1,0
80KK0117,CPC, KK 1.7MTS,1,1,0
80KK0120,CPC, KK 2.00MTS,1,1,0
80PC0422,COTTN PLAIN 2.25MTS. - P04,1,1,0
80PCP02B,COTTON BADAL 2MTS - P02,1,1,0
90SCP001,JODA CHAKDA PRINT,1,1,0
90SGC099,SUITS, GC - DYEING, -099,125,1,0
90SGC100,SUITS, GC - DISCHARGE, -100,125,1,0
90SGC101,SUITS, GC - WHITE, -101,125,1,0
90SGC102,SUITS, GC - STAR GULTI, -102,125,1,0
90SGC103,SUITS, GC - NAGIN, -103,125,1,0
90SGC104,SUIT, GC - LADDO - GC104,1,1,0
90SGP001,JODA GUJRI PLAIN,1,1,0
90VPF013,VISCOS PRINT (P B M) 36X80,1,1,0
90WSDS01,WOOLEN DARK SELF PRINT,1,1,0
90WSLS01,WOOLEN LIGHT SELF PRINT,1,1,0
91F0014C,FLOWER 4 COLOR - F001,1,1,0
91F001FW,FLOWER WHITE - F001,1,1,0
91F002FM,FLOWER MULTI - F002,1,1,0
91F003FC,FLOWER COLOR - F003,1,1,0
91F14CMG,FLOWER COLOR GD NG,1,1,0
92V000CM,VELVET MOTI COLOR,1,1,0
92VELCLM,VELVEL BLACK MOTI,1,1,0
92VELTGM,VELVEL TIGER PRINT MOTI,1,1,0
92Z001SD,ZARI SIDE 28*72 - Z001,1,1,0
92Z002SN,ZARI SIDE NG - Z002,1,1,0
99SAMPLD,SAMPLE DL,1,1,0
BRAPANTY,BRA PANTY MIXED,1,1,0
CHAMKI07,CHAMKI GOLDEN,1,1,0
CHN00001,CHINA MIXED ITEMS,1,1,0
CON001PB,MOTI NO. 6 SUPER - N001,1,1,0
DEE00010,DEEPIKA NO. 10,1,1,0
DEESAMPL,DEEPIKA SAMPLES,1,1,0
DEP00002,DEEPIKA NO. 2,1,1,0
DEP00004,DEEPIKA NO. 4,1,1,0
DEP00005,DEEPIKA NO. 5,1,1,0
DEP00006,DEEPIKA NO. 6,1,1,0
DEP00007,DEEPIKA NO. 7,1,1,0
DEP00008,DEEPIKA NO. 8,1,1,0
DEP00009,DEEPIKA NO. 9,1,1,0
DOBBYMIX,DOBBY MIXED,1,1,0
EVA00001,EVA NO. 1,1,1,0
EVA00002,EVA NO. 2,1,1,0
EVA00003,EVA NO 3,1,1,0
EVA00004,EVA NO 4,1,1,0
EVA00005,EVA NO. 5,1,1,0
EVAF0001,EVA NO. ZERO,1,1,0
FARLADDUC,FAR LADDU PLAIN COLOR,1,1,0
FARLADDUM,FAR LADDU PLAIN COLOR MOTI,1,1,0
HANGER8H,HANGER 8 HOLES,1,1,0
HJIS0001,HIJAB JAMBOO BLACK,1,1,0
HJIS0002,HIJAB SMALL BLACK,1,1,0
JAH00000,JAHAN ARA NO. 0,1,1,0
JAH00001,JAHAN ARA NO. 1,1,1,0
JAH00003,JAHAN ARA NO. 3,1,1,0
JAH00004,JAHAN ARA NO. 4,1,1,0
JAH00005,JAHAN ARA NO. 5,1,1,0
JAH00006,JAHAN ARA NO. 6,1,1,0
JAH00007,JAHAN ARA NO. 7,1,1,0
JAH00008,JAHAN ARA NO. 8,1,1,0
JAH00009,JAHAN ARA NO. 9,1,1,0
JAH00010,JAHAN ARA NO. 10,1,1,0
JAH00011,JAHAN ARA NO. 11,1,1,0
JAH00012,JAHAN ARA NO. 12,1,1,0
JAH00013,JAHAN ARA NO. 13,1,1,0
JD5516K1,JACQUARD DOBBY,1,1,0
JLACEB01,JHALAR LACE BULK,1,1,0
KAJ0000,KAJAL NO. 5,1,1,0
KAJ00001,KAJAL NO. 1,1,1,0
KAJ00003,KAJAL NO. 3,1,1,0
KAJ00005,KAJAL NO. 5,1,1,0
KAR00000,KAREENA 36x80 NO. 0,1,1,0
KAR00006,KAREENA NO. 6,1,1,0
KAR00007,KAREENA NO. 7,1,1,0
KAR00009,KAREENA NO. 9,1,1,0
KAR00010,KAREENA NO. 10,1,1,0
KAR00011,KAREENA NO. 11,1,1,0
KAR00012,KAREENA NO. 12,1,1,0
KAR00013,KAREENA NO. 13,1,1,0
KAR00014,KAREENA NO. 14,1,1,0
KAR00015,KAREENA NO. 15,1,1,0
KAR00016,KAREENA NO. 16,1,1,0
KAR00017,KAREENA NO. 17,1,1,0
KAR00018,KAREENA NO. 18,1,1,0
KAR00019,KAREENA NO. 19,1,1,0
KAR00021,KAREENA NO. 21,1,1,0
KAR00022,KAREENA NO. 22,1,1,0
KAR00023,KAREENA NO. 23,1,1,0
KAR00024,KAREENA NO. 24,1,1,0
KAR00025,KAREENA NO. 25,1,1,0
KAR00026,KAREENA NO. 26,1,1,0
KAR00027,KAREENA NO. 27,1,1,0
KAR00028,KAREENA NO. 28,1,1,0
KAR00029,KAREENA NO. 29,1,1,0
KAR00030,KAREENA NO. 30,1,1,0
KAR00031,KAREENA NO. 31,1,1,0
KAR00032,KAREENA NO. 32,1,1,0
KAR00033,KAREENA NO. 33,1,1,0
KAR00034,KAREENA NO. 34,1,1,0
KAR00035,KAREENA NO. 35,1,1,0
KAR00036,KAREENA NO. 36,1,1,0
KAR00037,KAREENA NO. 37,1,1,0
KAR00038,KAREENAN O. 38,1,1,0
KAR00039,KAREENA NO. 39,1,1,0
KAR00041,KAREENA NO. 41,1,1,0
KAR00043,KAREENA NO. 43,1,1,0
KAR00044,KAREENA NO. 44,1,1,0
KAR00045,KAREENA NO. 45,1,1,0
KAR00046,KAREENA NO. 46,1,1,0
KAR00047,KAREENA NO. 47,1,1,0
KAR00048,KAREENA NO. 48,1,1,0
KAR00049,KAREENA NO. 49,1,1,0
KAR00050,KAREENA NO. 50,1,1,0
KAR00051,KAREENA NO. 51,1,1,0
KAR00052,KAREENA NO. 52,1,1,0
KAR00053,KAREENA NO. 53,1,1,0
KAR00054,KAREENA NO. 54,1,1,0
KAR00055,KAREENA NO. 55,1,1,0
KAR00056,KAREENA NO. 56,1,1,0
KAR00057,KAREENA NO. 57,1,1,0
KAR00058,KAREENA NO. 58,1,1,0
KAR00059,KAREENA NO. 59,1,1,0
KAR00060,KAREENA NO. 60,1,1,0
KAR00061,KAREENA NO. 61,1,1,0
KAR00062,KAREENA NO. 62,1,1,0
KAR00063,KAREENA NO. 63,1,1,0
KAR00064,KAREENA NO. 64,1,1,0
KAR00065,KAREENA NO. 65,1,1,0
KAR00066,KAREENA NO. 66,1,1,0
KARSAMPL,KAREENA SAMPLE,1,1,0
KAT00000,KATREENA S.B. 36X80 PLAIN BORDER,1,1,0
KAT00003,KATREENA NO. 3,1,1,0
KAT00007,KATREEN NO. 7,1,1,0
KAT00008,KATREENA NO. 8,1,1,0
KAT00009,KATREENA NO. 9,1,1,0
KAT00010,KATREENA NO. 10,1,1,0
KAT00011,KATREENA NO. 11,1,1,0
KAT00012,KATREENA NO. 12,1,1,0
KAT00013,KATREENA NO. 13,1,1,0
KAT00014,KATREENA NO. 14,1,1,0
KAT00015,KATREENA NO. 15,1,1,0
KAT00016,KATREENA NO 16,1,1,0
KAT00017,KATREENA NO. 17,1,1,0
KAT00018,KATREENA NO. 18,1,1,0
KAT00019,KATREENA NO. 19,1,1,0
KAT00020,KATREENA NO. 20,1,1,0
KAT00021,KATREENA NO. 21,1,1,0
KAT00022,KATREENA NO. 22,1,1,0
KAT00023,KATREENA NO. 23,1,1,0
KAT00024,KATREENA NO. 24,1,1,0
KAT00025,KATREENA NO. 25,1,1,0
KAT00026,KATREENA NO. 26,1,1,0
KAT00027,KATREENA NO. 27,1,1,0
KAT00028,KATREENA NO. 28,1,1,0
KAT00029,KATREENA NO. 29,1,1,0
KAT00030,KATREENA NO. 30,1,1,0
KAT00031,KATREENA NO. 31,1,1,0
KAT00032,KATREENA NO. 32,1,1,0
KAT00033,KATREENA NO. 33,1,1,0
KAT00034,KATREENA NO. 34,1,1,0
KAT00035,KATREENA NO. 35 (36X80),1,1,0
KAT00036,KATREENA NO. 36,1,1,0
KAT00037,KATREENA NO. 37,1,1,0
KAT000BG,KATREENA S.B. 36X80 BORDER NAG,1,1,0
KAT000BP,KATREENA S.B. 36X80 BORDER PRINT,1,1,0
KAT000MX,KATREENA 36X80 MIXED,1,1,0
KATMIXED,KATREENA MIXED 1 TO 5,1,1,0
KATRZERO,KATREENA NO. O,1,1,0
KOY00001,KOYEL NO. 1,1,1,0
KOY00002,KOYEL NO. 2,1,1,0
KOY00003,KOYEL NO. 3,1,1,0
KOY00004,KOYEL NO. 4,1,1,0
KOY00005,KOYEL NO. 5,1,1,0
KOY00006,KOYAL NO. 6,1,1,0
KOYLZERO,KOYEL NO. O,1,1,0
LACE0001,LACE MATKA,1,1,0
LACE0002,MIXED LACE IN BULK,1,1,0
LEGGINGS,LEGGINGS JEGGINGS PAJAMA,1,1,0
MAD00000,MADHURI NO. 0,1,1,0
MAD00001,MADHURI NO. 1,1,1,0
MAD00003,MADHURI NO. 3,1,1,0
MAD00004,MADHURI NO. 4,1,1,0
MAD00005,MADHURI NO. 5,1,1,0
MAD00006,MADHURI NO. 6,1,1,0
MAD00007,MADHURI NO. 7,1,1,0
MAD00008,MADHURI NO. 8,1,1,0
MADHU002,MADHURI NO. 2,1,1,0
MATRA001,MATRA 36X80 TD BNDHJ,1,1,0
MIM00000,MIMI,1,1,0
MIMI0002,MIM NO. 2,1,1,0
MIX00001,MIXED DUPATTA,1,1,0
MIXSTOLES,MIXED STOLES,1,1,0
MON00001,MONISA NO. 1,1,1,0
MON00002,MONISA NO. 2,1,1,0
MON00003,MONISA NO. 3,1,1,0
MON00004,MONISA NO. 4,1,1,0
MON00005,MONISA NO. 5,1,1,0
MON00006,MONISA NO. 6,1,1,0
MON00007,MONISA NO. 7,1,1,0
MON00008,MONISA NO. 8,1,1,0
MON00009,MONISA NO. 9,1,1,0
NOOR0004,NOORI NO. 4,1,1,0
NOOR0005,NOORI NO. 5,1,1,0
NOOR001,NOORI NO. 1,1,1,0
NOORI002,NOORI NO. 2,1,1,0
NOORZERO,NOORI NO. 0,1,1,0
NOR00003,NOORI NO. 3,1,1,0
NOR00004,NOORI NO. 4,1,1,0
NOR00007,NOORI NO. 7,1,1,0
NOR00008,NOORI NO. 8,1,1,0
NOR00009,NOORI NO. 9,1,1,0
NOR00010,NOORI NO. 10,1,1,0
NOR00011,NOORI NO. 11,1,1,0
NOR00012,NOORI NO. 12,1,1,0
NOR00013,NOORI NO. 13,1,1,0
NOR00014,NOORI NO. 14,1,1,0
NOR00015,NOORI NO. 15,1,1,0
NOR00016,NOORI NO. 16,1,1,0
NOR00017,NOORI NO. 17,1,1,0
NOR00018,NOORI NO. 18,1,1,0
NOR00019,NOORI NO. 19,1,1,0
NOR00020,NOORI NO. 20,1,1,0
NOR00021,NOORI NO 21,1,1,0
NOR00022,NOORI NO. 22,1,1,0
NOR00023,NOORI NO. 23,1,1,0
NOR00024,NOORI NO. 24,1,1,0
NOR00025,NOORI NO. 25,1,1,0
NOR00026,NOORI NO. 26,1,1,0
NOR00027,NOORI NO 27,1,1,0
NOR00028,NOORI NO. 28,1,1,0
NOR00029,NOORI NO. 29,1,1,0
NOR00030,NOORI NO. 30,1,1,0
NOR00031,NOORI NO. 31,1,1,0
NOR00032,NOORI NO. 32,1,1,0
NOR00033,NOORI NO. 33,1,1,0
NOR00034,NOORI NO. 34,1,1,0
NOR00035,NOORI NO. 35,1,1,0
NOR00036,NOORI NO. 36,1,1,0
NOR00037,NOORI NO. 37,1,1,0
NOR00038,NOORI NO. 38,1,1,0
NOR00039,NOORI NO. 39,1,1,0
NOR00040,NOORI NO. 40,1,1,0
NOR00041,NOORI NO. 41,1,1,0
NOR00042,NOORI NO. 42,1,1,0
NOR00043,NOORI NO. 43,1,1,0
NOR00044,NOORI NO. 44,1,1,0
NPIS0001,NOSE PC 2 PALLA,1,1,0
NPIS0002,NOSE PC 4 PALLA PLAIN,1,1,0
NPIS0003,NOSE PC 4 PALLA MOTI,1,1,0
NUS00000,NUSTRAT JAHAN NO. O,1,1,0
NUS00001,NUSRAT JAHAN NO. 1,1,1,0
NUS00002,NUSRAT JAHAN NO. 2,1,1,0
NUS00004,NUSRAT JAHAN NO. 4,1,1,0
NUS00005,NUSRAT JAHAN NO. 5,1,1,0
NUS00006,NUSRAT JAHAN NO. 6,1,1,0
NUS00007,NUSRAT JAHAN NO. 7,1,1,0
NUS00008,NUSRAT JAHAN NO. 8,1,1,0
NUS00009,NUSRAT JAHAN NO. 9,1,1,0
NUS00012,NUSRAT JAHAN NO. 12,1,1,0
NUS00013,NUSRAT JAHAN NO. 13,1,1,0
NUS00014,NUSRAT JAHAN NO. 14,1,1,0
NUS00015,NUSRAT JAHAN NO. 15,1,1,0
NUS00016,NUSRAT JAHAN NO. 16,1,1,0
NUS00017,NUSRAT JAHAN NO. 17,1,1,0
NUS00018,NUSRAT JAHAN NO. 18,1,1,0
NUS00019,NUSRAT JAHAN NO. 19,1,1,0
NUS00020,NUSRAT JAHAN NO. 20,1,1,0
PANNI1624,PANNI 16X24,1,1,0
PCKPANNI,PACKING PANNI,1,1,0
PV000001,PV. WHITE PLAIN,1,1,0
PV000002,PV. BLACK AND WHITE,1,1,0
PV000003,POLY VISCOS DIGITAL PRINT,1,1,0
PV40RBTD,PV RAYON BLACK 28X72,1,1,0
R3680ROX,RAYON ZARI LADDU 36X80,1,1,0
R40GULGD,RAYON GULLA GOLD,1,1,0
RDETAIL,REFER DETAIL,1,1,0
REK00000,REKHA NO. 0,1,1,0
REK00001,REKHA NO. 1,1,1,0
REK00002,REKHA NO. 2,1,1,0
REK00003,REKHA NO. 3,1,1,0
REK00004,REKHA NO. 4,1,1,0
REK00005,REKHA NO. 5,1,1,0
REK00006,REKHA NO. 6,1,1,0
REK00007,REKHA NO. 7,1,1,0
REK00008,REKHA NO. 8,1,1,0
RFRT3680,RAYON FRUIT COLOR 36X80,1,1,0
RGOLA090,RAYON GOLA MULTI,1,1,0
RID00001,RIDA NO. 1,1,1,0
RID00002,RIDA NO. 2,1,1,0
RID00003,RIDA NO. 3,1,1,0
RID00004,RIDA NO. 4,1,1,0
RID00005,RIDA NO. 5,1,1,0
RID00006,RIDA NO. 6,1,1,0
RID00007,RIDA NO. 7,1,1,0
RID00008,RIDA NO. 8,1,1,0
RID00009,RIDA NO. 9,1,1,0
RID00010,RIDA NO. 10,1,1,0
RID00011,RIDA NO. 11,1,1,0
RID00012,RIDA NO. 12,1,1,0
RID00013,RIDA NO. 13,1,1,0
RID00014,RIDA NO. 14,1,1,0
RID00015,RIDA NO. 15,1,1,0
RID00016,RIDA NO. 16,1,1,0
RID00017,RIDA NO. 17,1,1,0
RID00018,RIDA NO. 18,1,1,0
RID00019,RIDA NO 19,1,1,0
RID00020,RIDA NO. 20,1,1,0
RID00021,RIDA NO. 21,1,1,0
RID00022,RIDA NO. 22,1,1,0
RID00023,RIDA NO. 23,1,1,0
RID00024,RIDA NO. 24,1,1,0
RID00025,RIDA NO. 25,1,1,0
RID00026,RIDA NO. 26,1,1,0
RID00027,RIDA NO 27,1,1,0
RID00028,RIDA NO. 28,1,1,0
RID00029,RIDA NO. 29,1,1,0
RID00030,RIDA NO. 30,1,1,0
RID00032,RIDA NO. 32,1,1,0
RID00033,RIDA NO. 33,1,1,0
RID00034,RIDA NO. 34,1,1,0
RID00035,RIDA NO. 35,1,1,0
RID00036,RIDA NO. 36,1,1,0
RID00037,RIDA NO. 37,1,1,0
RID00038,RIDA NO. 38,1,1,0
RID00039,RIDA NO. 39,1,1,0
RID00040,RIDA NO. 40,1,1,0
RID00041,RIDA NO. 41,1,1,0
RID00042,RIDA NO. 42,1,1,0
RID00043,RIDA NO. 43,1,1,0
RID00044,RIDA NO. 44,1,1,0
RID00045,RIDA NO. 45,1,1,0
RID00046,RIDA NO. 46,1,1,0
RID00047,RIDA NO. 47,1,1,0
RID00048,RIDA NO. 48,1,1,0
RID00049,RIDA NO. 49,1,1,0
RID00050,RIDA NO. 50,1,1,0
RID00051,RIDA NO. 51,1,1,0
RID00052,RIDA NO. 52,1,1,0
RID00053,RIDA NO. 53,1,1,0
RID00054,RIDA NO. 54,1,1,0
RID00055,RIDA NO. 55,1,1,0
RIDAZERO,RIDA NO. 0,1,1,0
RIDMIXED,RIDA MIXED DESIGNS,1,1,0
RJ000001,RIMJHIM 36X80,1,1,0
RLC00105,RAYON LADDU CHAMKI 105G,1,1,0
RLX3680G,ROLEX 36X80 GULLA,1,1,0
ROLEX115,ROLEX ZARI LADDU 28X72,1,1,0
RUN00000,RUNA NO. 0,1,1,0
RUN00001,RUNA NO. 1,1,1,0
RUN00003,RUNA NO. 3,1,1,0
RUN00005,RUNA NO. 5,1,1,0
RUN00006,RUNA NO. 6,1,1,0
RUN00007,RUNA NO. 7,1,1,0
RUN0004,RUNA NO. 4,1,1,0
SFANCY01,SATIN FANCY 28X72,1,1,0
SHU00006,SHUBHO SHREE NO. 6,1,1,0
SHUB0007,SHUBHO SHREE NO. 7,1,1,0
STRAP015,15 MM EMBOSSED STRAP,0,1,0
VIS00010,VISCOS CHECK CHAUKHATA,1,1,0
ZIA00001,ZIANA NO. 1,1,1,0
ZIA00002,ZIANA NO. 2,1,1,0
ZIA00003,ZIANA NO. 3,1,1,0
ZIA00004,ZIANA NO. 4,1,1,0
ZIA00005,ZIANA NO. 5,1,1,0
ZIA00006,ZIANA NO. 6,1,1,0
ZIA00007,ZIANA NO. 7,1,1,0
ZIA00008,ZIANA NO. 8,1,1,0
ZIA00009,ZIANA NO. 9,1,1,0
ZIA00010,ZIANA NO. 10,1,1,0
ZIA00011,ZIANA NO. 11,1,1,0
